<application>
  <component name="LocalDatabaseDriverManager" version="201">
    <driver id="sqlserver.ms">
      <artifact id="SQL Server" name="SQL Server" use="true" version="9.2.0" />
    </driver>
    <driver id="sqlserver.jtds">
      <artifact id="jTDS (SQL Server and Sybase)" name="jTDS (SQL Server and Sybase)" use="true" version="1.3.1.1" />
    </driver>
    <driver id="mysql.8">
      <artifact id="MySQL Connector/J 8" name="MySQL Connector/J 8" use="true" version="8.0.21" />
    </driver>
  </component>
</application>