<application>
  <component name="AppStorage">
    <option name="newTranslationDialogWidth" value="596" />
    <option name="newTranslationDialogX" value="760" />
    <option name="newTranslationDialogY" value="455" />
    <option name="pinNewTranslationDialog" value="true" />
    <histories>
      <item value="product Statuses" />
      <item value="Thumbnail" />
      <item value="thumb" />
      <item value="Thumb" />
      <item value="Material" />
      <item value="popover" />
      <item value="Operate User Name" />
      <item value="Product Develop Progress" />
      <item value="Fabric" />
      <item value="Operating Time" />
      <item value="Operator Name" />
      <item value="Operation Time" />
      <item value="Offer" />
      <item value="sequence" />
      <item value="descriptor" />
      <item value="suppiler" />
      <item value="description" />
      <item value="Description" />
      <item value="Assemble" />
      <item value="operator" />
      <item value="Timeline" />
      <item value="Developing" />
      <item value="type Converter" />
      <item value="parameteres" />
      <item value="Overdue" />
      <item value="Develop" />
      <item value="button" />
      <item value="Character" />
      <item value="cloth" />
      <item value="clothe" />
      <item value="statuses" />
      <item value="statues" />
      <item value="Design Merchandiser" />
      <item value="Assign Design Merchandiser" />
      <item value="Manufacture" />
      <item value="modify" />
      <item value="Required" />
      <item value="defined" />
      <item value="filtered" />
      <item value="Payable" />
      <item value="Deductions" />
      <item value="Transaction" />
      <item value="Manufacture Special Craft" />
      <item value="factory Pending Check Pending Pay" />
      <item value="Updater" />
      <item value="Update Pay Bill Payee Account Setting Model" />
      <item value="Reexamine" />
      <item value="refrence" />
      <item value="参考" />
      <item value="Comparer" />
    </histories>
    <option name="languageScores">
      <map>
        <entry key="CHINESE" value="435" />
        <entry key="ENGLISH" value="436" />
        <entry key="DANISH" value="1" />
        <entry key="GERMAN" value="2" />
        <entry key="RUSSIAN" value="1" />
        <entry key="FRENCH" value="8" />
        <entry key="FINNISH" value="1" />
        <entry key="GALICIAN" value="1" />
        <entry key="ROMANIAN" value="2" />
        <entry key="PORTUGUESE" value="2" />
        <entry key="SHONA" value="1" />
        <entry key="ITALIAN" value="4" />
        <entry key="JAVANESE" value="1" />
      </map>
    </option>
  </component>
  <component name="Cache">
    <option name="lastTrimTime" value="1625478011743" />
  </component>
  <component name="Settings">
    <option name="googleTranslateSettings">
      <google-translate>
        <option name="primaryLanguage" value="CHINESE" />
        <option name="useTranslateGoogleCom" value="true" />
      </google-translate>
    </option>
    <option name="targetLanguageSelection" value="PRIMARY_LANGUAGE" />
  </component>
</application>