<application>
  <component name="AppStorage">
    <histories>
      <item value="Volumn" />
      <item value="operator" />
      <item value="Guard" />
      <item value="Accessor" />
      <item value="Draft" />
      <item value="Specification" />
      <item value="migration" />
      <item value="Rental" />
      <item value="24 Hours" />
      <item value="Extra" />
      <item value="Warranty" />
      <item value="Respond" />
      <item value="回复" />
      <item value="回复人" />
      <item value="Manual" />
      <item value="纠纷" />
      <item value="Rank" />
      <item value="Criteria" />
      <item value="Children" />
      <item value="关联" />
      <item value="Split" />
      <item value="Comma" />
      <item value="Special" />
      <item value="catagory" />
      <item value="Catalog" />
      <item value="highest" />
      <item value="Responder" />
      <item value="Resolve" />
      <item value="Classification" />
      <item value="proposed" />
      <item value="积压" />
      <item value="Hybrid" />
      <item value="replied" />
      <item value="Fact" />
      <item value="Paire" />
      <item value="Reply" />
      <item value="Exists" />
      <item value="Scalar" />
      <item value="Interpolated" />
      <item value="Sent" />
      <item value="Facker" />
      <item value="Previous" />
      <item value="试用" />
      <item value="Undistributed" />
      <item value="Distributed" />
      <item value="分发" />
      <item value="Domain" />
      <item value="disambiguation" />
      <item value="Customer Service Type" />
      <item value="Un Reply" />
    </histories>
    <option name="languageScores">
      <map>
        <entry key="CHINESE" value="62" />
        <entry key="ENGLISH" value="63" />
        <entry key="GERMAN" value="1" />
        <entry key="FRENCH" value="2" />
        <entry key="PORTUGUESE" value="2" />
        <entry key="ITALIAN" value="1" />
      </map>
    </option>
  </component>
  <component name="Settings">
    <option name="googleTranslateSettings">
      <google-translate>
        <option name="useTranslateGoogleCom" value="true" />
      </google-translate>
    </option>
    <option name="ignoreRegExp" value="" />
    <option name="targetLanguageSelection" value="PRIMARY_LANGUAGE" />
    <option name="translateDocumentation" value="false" />
  </component>
</application>