<application>
  <component name="AppStorage">
    <option name="newTranslationDialogWidth" value="596" />
    <option name="newTranslationDialogX" value="760" />
    <option name="newTranslationDialogY" value="455" />
    <option name="pinNewTranslationDialog" value="true" />
    <histories>
      <item value="quantity" />
      <item value="Dispute" />
      <item value="Dispute Status" />
      <item value="Duplicated" />
      <item value="Constructor" />
      <item value="duplicate" />
      <item value="Replicate" />
      <item value="Escape" />
      <item value="cleaned" />
      <item value="pured" />
      <item value="Channel Returnstep" />
      <item value="Field" />
      <item value="Fields" />
      <item value="Extract" />
      <item value="Retrieve" />
      <item value="Reason Type" />
      <item value="Reason" />
      <item value="Logistics" />
      <item value="This method is unable to decrypt the payload." />
      <item value="Validator" />
      <item value="Response" />
      <item value="at worst reference the previous delay" />
      <item value="stalling" />
      <item value="Serve Static Files" />
      <item value="replica set secondary." />
      <item value="stall" />
      <item value="topology" />
      <item value="separators" />
      <item value="Continues a conversation with the server by receiving a response to a packet sent with 'Send' or 'SendReply'." />
      <item value="authenticated" />
      <item value="extract" />
      <item value="Zone" />
      <item value="because" />
      <item value="expired" />
      <item value="explicitly" />
      <item value="explicit" />
      <item value="Expiry In Days" />
      <item value="expriy" />
      <item value="exp In Days" />
      <item value="expiry" />
      <item value="expiry Days" />
      <item value="Expire" />
      <item value="days To Expires" />
      <item value="language" />
      <item value="credentials" />
      <item value="current user's roles haven't been set" />
      <item value="Authenticator" />
      <item value="Autenticator" />
      <item value="t Autenticator" />
      <item value="scenarios" />
    </histories>
    <option name="languageScores">
      <map>
        <entry key="CHINESE" value="305" />
        <entry key="ENGLISH" value="312" />
        <entry key="DANISH" value="1" />
        <entry key="GERMAN" value="2" />
        <entry key="RUSSIAN" value="1" />
        <entry key="FRENCH" value="5" />
        <entry key="ROMANIAN" value="2" />
        <entry key="PORTUGUESE" value="2" />
        <entry key="SHONA" value="1" />
        <entry key="ITALIAN" value="1" />
      </map>
    </option>
  </component>
  <component name="Cache">
    <option name="lastTrimTime" value="1617005039802" />
  </component>
  <component name="Settings">
    <option name="googleTranslateSettings">
      <google-translate>
        <option name="primaryLanguage" value="CHINESE" />
        <option name="useTranslateGoogleCom" value="true" />
      </google-translate>
    </option>
    <option name="targetLanguageSelection" value="PRIMARY_LANGUAGE" />
  </component>
</application>