<keymap version="1" name="custom-rider" parent="$default">
  <action id="ActivateBuildToolWindow">
    <keyboard-shortcut first-keystroke="alt b" />
  </action>
  <action id="ActivateCommitToolWindow">
    <keyboard-shortcut first-keystroke="alt c" />
  </action>
  <action id="ActivateDatabaseToolWindow">
    <keyboard-shortcut first-keystroke="alt d" />
  </action>
  <action id="ActivateDebugToolWindow" />
  <action id="ActivateFavoritesToolWindow" />
  <action id="ActivateProjectToolWindow">
    <keyboard-shortcut first-keystroke="shift e" />
  </action>
  <action id="ActivateRunToolWindow">
    <keyboard-shortcut first-keystroke="alt r" />
  </action>
  <action id="ActivateServicesToolWindow" />
  <action id="ActivateStructureToolWindow" />
  <action id="ActivateTODOToolWindow" />
  <action id="ActivateTerminalToolWindow">
    <keyboard-shortcut first-keystroke="alt t" />
  </action>
  <action id="ActivateUnitTestsToolWindow">
    <keyboard-shortcut first-keystroke="shift u" />
  </action>
  <action id="ActivateVersionControlToolWindow">
    <keyboard-shortcut first-keystroke="alt g" />
  </action>
  <action id="BuildSolutionAction">
    <keyboard-shortcut first-keystroke="shift z" />
  </action>
  <action id="ChangesView.Shelve">
    <keyboard-shortcut first-keystroke="alt h" />
  </action>
  <action id="ChangesView.ShelveSilently" />
  <action id="ChangesView.UnshelveSilently" />
  <action id="Git.Branches">
    <keyboard-shortcut first-keystroke="alt 1" />
  </action>
  <action id="Git.CreateNewBranch">
    <keyboard-shortcut first-keystroke="shift g" />
  </action>
  <action id="GotoNextError">
    <keyboard-shortcut first-keystroke="alt n" />
  </action>
  <action id="ReSharperGotoNextErrorInSolution">
    <keyboard-shortcut first-keystroke="shift n" />
  </action>
  <action id="ReSharperGotoPrevErrorInSolution">
    <keyboard-shortcut first-keystroke="shift p" />
  </action>
  <action id="RiderUnitTestDebugContextAction">
    <keyboard-shortcut first-keystroke="shift d" />
  </action>
  <action id="RiderUnitTestRunContextAction">
    <keyboard-shortcut first-keystroke="shift r" />
  </action>
  <action id="ShelveChanges.UnshelveWithDialog">
    <keyboard-shortcut first-keystroke="alt u" />
  </action>
  <action id="ShowBookmarks">
    <keyboard-shortcut first-keystroke="shift b" />
  </action>
  <action id="ShowErrorDescription">
    <keyboard-shortcut first-keystroke="alt e" />
  </action>
  <action id="Stop">
    <keyboard-shortcut first-keystroke="shift f11" />
  </action>
  <action id="ToggleBookmark">
    <keyboard-shortcut first-keystroke="alt b" />
  </action>
  <action id="ToggleBookmarkWithMnemonic" />
  <action id="ToggleLineBreakpoint">
    <keyboard-shortcut first-keystroke="f10" />
  </action>
  <action id="Vcs.QuickListPopupAction">
    <keyboard-shortcut first-keystroke="alt v" />
  </action>
  <action id="VcsHistory.ShowAllAffected" />
</keymap>