<keymap version="1" name="Windows copy" parent="$default">
  <action id="$Copy">
    <keyboard-shortcut first-keystroke="ctrl c" />
  </action>
  <action id="$Cut">
    <keyboard-shortcut first-keystroke="ctrl x" />
  </action>
  <action id="$Paste">
    <keyboard-shortcut first-keystroke="ctrl v" />
  </action>
  <action id="$Redo">
    <keyboard-shortcut first-keystroke="shift ctrl z" />
  </action>
  <action id="$ShowTranslationDialogAction" />
  <action id="$Undo">
    <keyboard-shortcut first-keystroke="ctrl z" />
  </action>
  <action id="ActivateCommitToolWindow">
    <keyboard-shortcut first-keystroke="alt c" />
  </action>
  <action id="ActivateEventLogToolWindow">
    <keyboard-shortcut first-keystroke="alt e" />
  </action>
  <action id="ActivateFavoritesToolWindow">
    <keyboard-shortcut first-keystroke="alt f" />
  </action>
  <action id="ActivateProjectToolWindow">
    <keyboard-shortcut first-keystroke="alt p" />
  </action>
  <action id="ActivateRunToolWindow">
    <keyboard-shortcut first-keystroke="alt r" />
  </action>
  <action id="ActivateServicesToolWindow" />
  <action id="ActivateStructureToolWindow">
    <keyboard-shortcut first-keystroke="alt s" />
  </action>
  <action id="ActivateTODOToolWindow" />
  <action id="ActivateTerminalToolWindow">
    <keyboard-shortcut first-keystroke="alt t" />
  </action>
  <action id="ActivateVersionControlToolWindow">
    <keyboard-shortcut first-keystroke="alt v" />
  </action>
  <action id="CloseProject">
    <keyboard-shortcut first-keystroke="alt x" />
  </action>
  <action id="GotoNextError">
    <keyboard-shortcut first-keystroke="shift n" />
  </action>
  <action id="GotoPreviousError">
    <keyboard-shortcut first-keystroke="shift p" />
  </action>
  <action id="HideActiveWindow">
    <keyboard-shortcut first-keystroke="shift ctrl x" />
  </action>
  <action id="OpenFile">
    <keyboard-shortcut first-keystroke="shift ctrl o" />
  </action>
  <action id="PasteMultiple">
    <keyboard-shortcut first-keystroke="shift ctrl v" />
  </action>
  <action id="Refactorings.QuickListPopupAction">
    <keyboard-shortcut first-keystroke="shift ctrl alt r" />
  </action>
  <action id="RunClass">
    <keyboard-shortcut first-keystroke="ctrl alt r" />
  </action>
  <action id="Terminal.RenameSession">
    <mouse-shortcut keystroke="button1" />
  </action>
</keymap>