<application>
  <component name="AppStorage">
    <histories>
      <item value="outlet" />
      <item value="imperative" />
      <item value="dismiss" />
      <item value="aria" />
      <item value="Badge" />
      <item value="Ripple" />
      <item value="Accent" />
      <item value="karma" />
      <item value="allow Synthetic Default Imports" />
      <item value="Synthetic" />
      <item value="splice" />
      <item value="interprets" />
      <item value="aside" />
      <item value="remark" />
    </histories>
    <option name="languageScores">
      <map>
        <entry key="CHINESE" value="17" />
        <entry key="ENGLISH" value="18" />
        <entry key="ITALIAN" value="1" />
      </map>
    </option>
  </component>
  <component name="Settings">
    <option name="googleTranslateSettings">
      <google-translate>
        <option name="primaryLanguage" value="CHINESE" />
      </google-translate>
    </option>
    <option name="ignoreRegExp" value="" />
  </component>
</application>