<application>
  <component name="AppStorage">
    <histories>
      <item value="sniff the raw value" />
      <item value="International" />
      <item value="Internationalize" />
      <item value="Fragment" />
      <item value="Recipient" />
      <item value="Completed" />
      <item value="Refunded" />
      <item value="currency" />
      <item value="Compliance" />
      <item value="Subordinates" />
      <item value="transfer Roles" />
      <item value="Medium" />
      <item value="Fulfill" />
      <item value="Fullfill" />
      <item value="Requst" />
      <item value="retained" />
      <item value="Custom" />
      <item value="Amender" />
      <item value="Amend" />
      <item value="do Not Need Amend" />
      <item value="修正" />
      <item value="clause" />
      <item value="remain" />
      <item value="Combiner" />
      <item value="pattern" />
      <item value="parttern" />
      <item value="partern" />
      <item value="Decorate" />
      <item value="Kestre" />
      <item value="Tag" />
      <item value="Selector" />
      <item value="Decorator" />
      <item value="Parameter Adder" />
      <item value="Modifier" />
      <item value="Abroad" />
      <item value="deploy" />
      <item value="depoly" />
      <item value="欧洲" />
      <item value="countries" />
      <item value="countrys" />
      <item value="Get Timestamp" />
      <item value="Currency" />
      <item value="Raw" />
      <item value="quantity" />
      <item value="Stock" />
      <item value="Prohibited" />
      <item value="c Prohibite" />
      <item value="chargeback" />
      <item value="correspondence_" />
      <item value="freight" />
    </histories>
    <option name="languageScores">
      <map>
        <entry key="CHINESE" value="178" />
        <entry key="ENGLISH" value="179" />
        <entry key="DANISH" value="1" />
        <entry key="GERMAN" value="2" />
        <entry key="FRENCH" value="5" />
        <entry key="PORTUGUESE" value="2" />
        <entry key="SHONA" value="1" />
        <entry key="ITALIAN" value="1" />
      </map>
    </option>
  </component>
  <component name="Settings">
    <option name="googleTranslateSettings">
      <google-translate>
        <option name="useTranslateGoogleCom" value="true" />
      </google-translate>
    </option>
    <option name="ignoreRegExp" value="" />
    <option name="targetLanguageSelection" value="PRIMARY_LANGUAGE" />
    <option name="translateDocumentation" value="false" />
  </component>
</application>